0,recipe0,description 0,1000
1,recipe1,description 1,1000
2,recipe2,description 2,1000
3,recipe3,description 3,1000
4,recipe4,description 4,1000
5,recipe5,description 5,1000
6,recipe6,description 6,1000
7,recipe7,description 7,1000
8,recipe8,description 8,1000
9,recipe9,description 9,1000
10,recipe10,description 10,1000
11,recipe11,description 11,1000
12,recipe12,description 12,1000
13,recipe13,description 13,1000
14,recipe14,description 14,1000
15,recipe15,description 15,1000
16,recipe16,description 16,1000
17,recipe17,description 17,1000
18,recipe18,description 18,1000
19,recipe19,description 19,1000
20,recipe20,description 20,1000
21,recipe21,description 21,1000
22,recipe22,description 22,1000
23,recipe23,description 23,1000
24,recipe24,description 24,1000
25,recipe25,description 25,1000
26,recipe26,description 26,1000
27,recipe27,description 27,1000
28,recipe28,description 28,1000
29,recipe29,description 29,1000
30,recipe30,description 30,1000
31,recipe31,description 31,1000
32,recipe32,description 32,1000
33,recipe33,description 33,1000
34,recipe34,description 34,1000
35,recipe35,description 35,1000
36,recipe36,description 36,1000
37,recipe37,description 37,1000
38,recipe38,description 38,1000
39,recipe39,description 39,1000
40,recipe40,description 40,1000
41,recipe41,description 41,1000
42,recipe42,description 42,1000
43,recipe43,description 43,1000
44,recipe44,description 44,1000
45,recipe45,description 45,1000
46,recipe46,description 46,1000
47,recipe47,description 47,1000
48,recipe48,description 48,1000
49,recipe49,description 49,1000
