mozzarella,fresh mozzarella is delicious on our pizza,81
parmesean,fresh parmesean is delicious on our pizza,74
ricota,fresh ricota is delicious on our pizza,34
gorgonzola,fresh gorgonzola is delicious on our pizza,132
flour,fresh flour is delicious on our pizza,104
salt,fresh salt is delicious on our pizza,82
olive oil,fresh olive oil is delicious on our pizza,31
mushrooms,fresh mushrooms is delicious on our pizza,96
bell peppers,fresh bell peppers is delicious on our pizza,134
banana peppers,fresh banana peppers is delicious on our pizza,71
spinach,fresh spinach is delicious on our pizza,112
Alfalfa Sprouts,fresh Alfalfa Sprouts is delicious on our pizza,102
Artichoke hearts,fresh Artichoke hearts is delicious on our pizza,63
Avocado  Baby leeks,fresh Avocado  Baby leeks is delicious on our pizza,125
Beetroot,fresh Beetroot is delicious on our pizza,69
Black Beans,fresh Black Beans is delicious on our pizza,73
Broccoli,fresh Broccoli is delicious on our pizza,133
Capers,fresh Capers is delicious on our pizza,139
Capicolla,fresh Capicolla is delicious on our pizza,84
Carrot,fresh Carrot is delicious on our pizza,95
Cherry tomatoes,fresh Cherry tomatoes is delicious on our pizza,149
Dried tomatoes,fresh Dried tomatoes is delicious on our pizza,149
Eggplant,fresh Eggplant is delicious on our pizza,82
Fungi,fresh Fungi is delicious on our pizza,72
Fungi carciofi,fresh Fungi carciofi is delicious on our pizza,72
Green peppers,fresh Green peppers is delicious on our pizza,51
Kalamata olives,fresh Kalamata olives is delicious on our pizza,148
Lettuce,fresh Lettuce is delicious on our pizza,112
Mushrooms,fresh Mushrooms is delicious on our pizza,140
Onions,fresh Onions is delicious on our pizza,45
Olives,fresh Olives is delicious on our pizza,57
Peas,fresh Peas is delicious on our pizza,49
Porcini mushrooms,fresh Porcini mushrooms is delicious on our pizza,47
Portobello Mushrooms,fresh Portobello Mushrooms is delicious on our pizza,119
Red beans,fresh Red beans is delicious on our pizza,109
Red onions,fresh Red onions is delicious on our pizza,72
Red peppers,fresh Red peppers is delicious on our pizza,84
Roast cauliflower,fresh Roast cauliflower is delicious on our pizza,21
Roasted eggplant,fresh Roasted eggplant is delicious on our pizza,33
Roasted Garlic,fresh Roasted Garlic is delicious on our pizza,18
Roasted peppers,fresh Roasted peppers is delicious on our pizza,37
scallions,fresh scallions is delicious on our pizza,111
Shallots,fresh Shallots is delicious on our pizza,55
Snow peas,fresh Snow peas is delicious on our pizza,148
Spinach,fresh Spinach is delicious on our pizza,83
Sun dried tomatoes,fresh Sun dried tomatoes is delicious on our pizza,41
Sweet corn,fresh Sweet corn is delicious on our pizza,121
Watercress,fresh Watercress is delicious on our pizza,122
Wild mushrooms,fresh Wild mushrooms is delicious on our pizza,39
Yellow peppers,fresh Yellow peppers is delicious on our pizza,117
Yellow squash,fresh Yellow squash is delicious on our pizza,138
Zucchini,fresh Zucchini is delicious on our pizza,79
Bacon,fresh Bacon is delicious on our pizza,106
meatballs,fresh meatballs is delicious on our pizza,134
chicken,fresh chicken is delicious on our pizza,107
peperoni,fresh peperoni is delicious on our pizza,77
ham,fresh ham is delicious on our pizza,35
sausage,fresh sausage is delicious on our pizza,82
