0,recipe0,description 0,Instructions 0
1,recipe1,description 1,Instructions 1
2,recipe2,description 2,Instructions 2
3,recipe3,description 3,Instructions 3
4,recipe4,description 4,Instructions 4
5,recipe5,description 5,Instructions 5
6,recipe6,description 6,Instructions 6
7,recipe7,description 7,Instructions 7
8,recipe8,description 8,Instructions 8
9,recipe9,description 9,Instructions 9
10,recipe10,description 10,Instructions 10
11,recipe11,description 11,Instructions 11
12,recipe12,description 12,Instructions 12
13,recipe13,description 13,Instructions 13
14,recipe14,description 14,Instructions 14
15,recipe15,description 15,Instructions 15
16,recipe16,description 16,Instructions 16
17,recipe17,description 17,Instructions 17
18,recipe18,description 18,Instructions 18
19,recipe19,description 19,Instructions 19
20,recipe20,description 20,Instructions 20
21,recipe21,description 21,Instructions 21
22,recipe22,description 22,Instructions 22
23,recipe23,description 23,Instructions 23
24,recipe24,description 24,Instructions 24
25,recipe25,description 25,Instructions 25
26,recipe26,description 26,Instructions 26
27,recipe27,description 27,Instructions 27
28,recipe28,description 28,Instructions 28
29,recipe29,description 29,Instructions 29
30,recipe30,description 30,Instructions 30
31,recipe31,description 31,Instructions 31
32,recipe32,description 32,Instructions 32
33,recipe33,description 33,Instructions 33
34,recipe34,description 34,Instructions 34
35,recipe35,description 35,Instructions 35
36,recipe36,description 36,Instructions 36
37,recipe37,description 37,Instructions 37
38,recipe38,description 38,Instructions 38
39,recipe39,description 39,Instructions 39
40,recipe40,description 40,Instructions 40
41,recipe41,description 41,Instructions 41
42,recipe42,description 42,Instructions 42
43,recipe43,description 43,Instructions 43
44,recipe44,description 44,Instructions 44
45,recipe45,description 45,Instructions 45
46,recipe46,description 46,Instructions 46
47,recipe47,description 47,Instructions 47
48,recipe48,description 48,Instructions 48
49,recipe49,description 49,Instructions 49
